{
  "args": {
    "model": "rope_sam",
    "device": "cpu",
    "outdir": "eval/loop_rope_sam_current_20_cpu",
    "val_iters": 20,
    "batch_size": 1,
    "num_workers": 0,
    "max_clicks": 10,
    "thresholds": "60,70,75,80,85,90,95,98",
    "deterministic_clicks": false,
    "seed": 42,
    "dtype": "float32",
    "dataset": "coconut_hf",
    "dataset_split": "val",
    "dataset_path": null,
    "subset_index": null,
    "mask_filter_thresh": 0.1,
    "image_size_encoder": 1024,
    "image_size_mask": 1024,
    "sam_checkpoint": null,
    "sam_model_type": "vit_b",
    "sam_no_prev_mask": false,
    "sam_multimask_first_click": false,
    "sam_multimask_all_clicks": false,
    "rope_sam_checkpoint": "out/ddp_rope_sam_loop_coconut_hf_dino_click_ep2_resume/checkpoints/latest.pth",
    "rope_sam_config": "rope_sam_loop_dim384",
    "image_encoder_checkpoint": "ckpt/dino_v3_vits.safetensors",
    "image_encoder_config": "dino_v3_vits",
    "rope_no_prev_mask": false,
    "image_feature_cache_dir": "",
    "sam_cache_model_name": "sam_vitb",
    "rope_cache_model_name": null,
    "image_feature_cache_max_shard": 2
  },
  "timestamp": "20260617_143529",
  "results": {
    "rope_sam": {
      "model": "rope_sam",
      "num_samples": 20,
      "max_clicks": 10,
      "thresholds": [
        60,
        70,
        75,
        80,
        85,
        90,
        95,
        98
      ],
      "NoC": {
        "NoC@60": 2.45,
        "NoC@70": 4.05,
        "NoC@75": 4.65,
        "NoC@80": 5.6,
        "NoC@85": 7.3,
        "NoC@90": 8.5,
        "NoC@95": 10.25,
        "NoC@98": 11.0
      },
      "IoU": {
        "IoU@1": 0.4214837006232418,
        "IoU@2": 0.6101202481019026,
        "IoU@3": 0.7150470483661024,
        "IoU@4": 0.764572894177257,
        "IoU@5": 0.7932427133064547,
        "IoU@6": 0.8043671277682959,
        "IoU@7": 0.8221228135409607,
        "IoU@8": 0.8327012193818527,
        "IoU@9": 0.8501811733322862,
        "IoU@10": 0.8571944816577893
      },
      "samples": [
        {
          "sample_index": 0,
          "ious": [
            0.6397123132965942,
            0.7923840750210233,
            0.8926450627757041,
            0.9227448557232459,
            0.933527085938292,
            0.9407203432780349,
            0.9454064170221376,
            0.9445648415957635,
            0.9495229586676556,
            0.9516222797010725
          ],
          "noc": {
            "60": 1,
            "70": 2,
            "75": 2,
            "80": 3,
            "85": 3,
            "90": 4,
            "95": 10,
            "98": 11
          }
        },
        {
          "sample_index": 1,
          "ious": [
            0.9662250865258384,
            0.9722280287872906,
            0.9744576731417659,
            0.9792417428596957,
            0.978798061197181,
            0.9779578219945192,
            0.9784517396351082,
            0.9799869350911574,
            0.97828802569746,
            0.9793060387119793
          ],
          "noc": {
            "60": 1,
            "70": 1,
            "75": 1,
            "80": 1,
            "85": 1,
            "90": 1,
            "95": 1,
            "98": 11
          }
        },
        {
          "sample_index": 2,
          "ious": [
            0.07740737311628261,
            0.26945207553700057,
            0.6552540233512149,
            0.7678806708199815,
            0.7680944625407166,
            0.773361533664145,
            0.8150478707273752,
            0.8110222164521835,
            0.824966239939502,
            0.8330297641889299
          ],
          "noc": {
            "60": 3,
            "70": 4,
            "75": 4,
            "80": 7,
            "85": 11,
            "90": 11,
            "95": 11,
            "98": 11
          }
        },
        {
          "sample_index": 3,
          "ious": [
            0.6125410693501098,
            0.9085294245574356,
            0.9340529501859821,
            0.9478796425539263,
            0.9383391420714401,
            0.9481651308731244,
            0.9569575298641073,
            0.9562091982689064,
            0.9580138683242198,
            0.9603052540610215
          ],
          "noc": {
            "60": 1,
            "70": 2,
            "75": 2,
            "80": 2,
            "85": 2,
            "90": 2,
            "95": 7,
            "98": 11
          }
        },
        {
          "sample_index": 4,
          "ious": [
            0.4393641239340973,
            0.6519507583066415,
            0.9131442701491383,
            0.9355834136933462,
            0.9328145465752369,
            0.9298367221195317,
            0.929621363706326,
            0.9295135550855604,
            0.9301333538295992,
            0.9478157206583603
          ],
          "noc": {
            "60": 2,
            "70": 3,
            "75": 3,
            "80": 3,
            "85": 3,
            "90": 3,
            "95": 11,
            "98": 11
          }
        },
        {
          "sample_index": 5,
          "ious": [
            0.3513690324227725,
            0.6545700636942675,
            0.6998932287931666,
            0.707182496651145,
            0.7302827796296592,
            0.7772257520024204,
            0.8068286778991623,
            0.837683549522692,
            0.8488065704115753,
            0.8000445902474759
          ],
          "noc": {
            "60": 2,
            "70": 4,
            "75": 6,
            "80": 7,
            "85": 11,
            "90": 11,
            "95": 11,
            "98": 11
          }
        },
        {
          "sample_index": 6,
          "ious": [
            0.45898534014165704,
            0.31850973751058426,
            0.4980188966778421,
            0.5341528666734396,
            0.636997663946914,
            0.708131394722671,
            0.7230220667384284,
            0.7545007102038119,
            0.7790701516703565,
            0.7882868576510195
          ],
          "noc": {
            "60": 5,
            "70": 6,
            "75": 8,
            "80": 11,
            "85": 11,
            "90": 11,
            "95": 11,
            "98": 11
          }
        },
        {
          "sample_index": 7,
          "ious": [
            0.23319497118284707,
            0.24347826086956523,
            0.3666851057944959,
            0.6147575076948674,
            0.6972071696540225,
            0.5857771947905931,
            0.6168399363116981,
            0.6433992317061744,
            0.6774102876417127,
            0.7018348623853211
          ],
          "noc": {
            "60": 4,
            "70": 10,
            "75": 11,
            "80": 11,
            "85": 11,
            "90": 11,
            "95": 11,
            "98": 11
          }
        },
        {
          "sample_index": 8,
          "ious": [
            0.015238740264138165,
            0.24483576024381984,
            0.625168964585023,
            0.7104008594641777,
            0.7294845083674978,
            0.7649209092117506,
            0.8265984314768045,
            0.8373100506531591,
            0.8408518877057115,
            0.8335183129855716
          ],
          "noc": {
            "60": 3,
            "70": 4,
            "75": 6,
            "80": 7,
            "85": 11,
            "90": 11,
            "95": 11,
            "98": 11
          }
        },
        {
          "sample_index": 9,
          "ious": [
            0.6542991755005889,
            0.807780847145488,
            0.7507143673562693,
            0.8376446562287271,
            0.8452884829583426,
            0.8531617235590375,
            0.8778326228404757,
            0.8727629603971828,
            0.8778705636743215,
            0.8793283149971048
          ],
          "noc": {
            "60": 1,
            "70": 2,
            "75": 2,
            "80": 2,
            "85": 6,
            "90": 11,